{"cameraMode":{"drawMode":0,"name":"Shaded","section":"Shading Mode"},"sceneLighting":true,"audioPlay":false,"sceneViewState":{"showFog":true,"showMaterialUpdate":false,"showSkybox":true,"showFlares":true,"showImageEffects":true,"showParticleSystems":true},"in2DMode":false,"pivot":{"x":0.0,"y":-0.30000001192092898,"z":0.30000001192092898},"rotation":{"x":-0.14576773345470429,"y":0.3971429169178009,"z":-0.06404966861009598,"w":-0.9038401246070862},"size":1.5093588829040528,"orthographic":false}