{"cameraMode":{"drawMode":0,"name":"Shaded","section":"Shading Mode"},"sceneLighting":false,"audioPlay":false,"sceneViewState":{"showFog":true,"showMaterialUpdate":false,"showSkybox":false,"showFlares":true,"showImageEffects":true,"showParticleSystems":true},"in2DMode":false,"pivot":{"x":-0.0749698206782341,"y":-0.15530703961849214,"z":0.468799352645874},"rotation":{"x":-0.01224634051322937,"y":-0.1012214720249176,"z":0.001246164320036769,"w":-0.9947877526283264},"size":0.4725240170955658,"orthographic":false}